change_id,n_incidents,n_cis,first_incident,last_incident,high_priority,reopened,median_handle_hrs,software_share,breadth_tier,severity_flag,risk_tier
C00000050,1,1,2013-11-18 12:33:00,2013-11-18 12:33:00,1,0,0.06666666666666667,0.0,single,1,"Narrow, severe"
C00000056,1,1,2012-09-21 12:56:00,2012-09-21 12:56:00,0,0,9913.45,1.0,single,0,Low risk
C00000122,1,1,2013-11-17 23:24:00,2013-11-17 23:24:00,0,0,11.8,0.0,single,0,Low risk
C00000308,1,1,2013-03-26 12:23:00,2013-03-26 12:23:00,0,1,8713.083333333334,0.0,single,1,"Narrow, severe"
C00000360,1,1,2013-11-06 11:17:00,2013-11-06 11:17:00,0,0,1.2,0.0,single,0,Low risk
C00000385,1,1,2014-03-31 08:00:00,2014-03-31 08:00:00,1,0,4.066666666666666,1.0,single,1,"Narrow, severe"
C00000449,1,1,2013-09-30 07:36:00,2013-09-30 07:36:00,0,0,57.56666666666667,0.0,single,0,Low risk
C00000510,1,1,2013-08-26 13:07:00,2013-08-26 13:07:00,0,0,913.5666666666667,0.0,single,0,Low risk
C00000517,1,1,2013-09-27 08:52:00,2013-09-27 08:52:00,1,0,105.46666666666667,0.0,single,1,"Narrow, severe"
C00000527,2,2,2013-10-07 08:00:00,2013-10-07 08:08:00,0,0,2.591666666666667,0.0,small (2-4),0,Low risk
C00000577,1,1,2013-07-15 14:39:00,2013-07-15 14:39:00,0,0,4200.15,1.0,single,0,Low risk
C00000582,1,1,2013-04-17 09:06:00,2013-04-17 09:06:00,0,0,6727.216666666666,0.0,single,0,Low risk
C00000589,2,2,2013-09-24 10:51:00,2013-10-14 07:50:00,1,0,371.69166666666666,1.0,small (2-4),1,"Narrow, severe"
C00000600,1,1,2013-11-24 15:27:00,2013-11-24 15:27:00,0,0,16.133333333333333,1.0,single,0,Low risk
C00000628,1,1,2013-11-15 10:09:00,2013-11-15 10:09:00,0,0,48.36666666666667,0.0,single,0,Low risk
C00000633,1,1,2013-11-14 12:40:00,2013-11-14 12:40:00,0,0,7.75,0.0,single,0,Low risk
C00000713,9,3,2013-10-11 08:59:00,2013-10-11 10:10:00,1,0,1.2166666666666666,0.0,wide (5+),1,Wide + severe (watchlist)
C00000778,1,1,2013-07-04 15:27:00,2013-07-04 15:27:00,0,0,2137.016666666667,0.0,single,0,Low risk
C00000816,2,1,2013-11-15 11:41:00,2013-11-15 11:55:00,0,0,2.25,0.0,small (2-4),0,Low risk
C00000829,2,1,2013-11-16 11:08:00,2013-11-16 14:10:00,0,0,1.9666666666666666,0.0,small (2-4),0,Low risk
C00000874,1,1,2013-10-25 09:28:00,2013-10-25 09:28:00,1,0,1.0833333333333333,0.0,single,1,"Narrow, severe"
C00001012,10,1,2013-11-14 12:06:00,2013-11-18 13:38:00,0,0,23.308333333333334,1.0,wide (5+),0,"Wide, mild (mass event)"
C00001026,3,1,2013-10-08 08:47:00,2013-10-08 08:56:00,0,0,0.5333333333333333,1.0,small (2-4),0,Low risk
C00001062,1,1,2013-10-15 17:31:00,2013-10-15 17:31:00,0,0,38.733333333333334,1.0,single,0,Low risk
C00001135,1,1,2013-10-10 08:27:00,2013-10-10 08:27:00,0,0,1.5666666666666667,0.0,single,0,Low risk
C00001215,1,1,2013-10-25 13:23:00,2013-10-25 13:23:00,0,0,1.85,1.0,single,0,Low risk
C00001219,1,1,2013-07-17 14:02:00,2013-07-17 14:02:00,0,0,5542.016666666666,1.0,single,0,Low risk
C00001250,2,1,2013-10-03 09:38:00,2013-10-04 10:14:00,0,0,206.53333333333333,0.0,small (2-4),0,Low risk
C00001452,1,1,2013-09-23 10:30:00,2013-09-23 10:30:00,0,0,193.85,0.0,single,0,Low risk
C00001455,1,1,2013-10-23 07:59:00,2013-10-23 07:59:00,0,0,5.483333333333333,1.0,single,0,Low risk
C00001507,1,1,2013-10-30 05:14:00,2013-10-30 05:14:00,0,0,49.38333333333333,0.0,single,0,Low risk
C00001549,3,1,2013-10-01 08:26:00,2013-10-01 09:04:00,1,0,0.8,0.0,small (2-4),1,"Narrow, severe"
C00001667,1,1,2013-10-02 22:20:00,2013-10-02 22:20:00,0,0,10.116666666666667,0.0,single,0,Low risk
C00001728,1,1,2013-09-30 08:20:00,2013-09-30 08:20:00,0,0,28.816666666666666,0.0,single,0,Low risk
C00001730,1,1,2013-10-04 14:07:00,2013-10-04 14:07:00,0,0,73.6,1.0,single,0,Low risk
C00001807,3,1,2013-10-28 08:07:00,2013-10-28 09:42:00,1,0,2.183333333333333,1.0,small (2-4),1,"Narrow, severe"
C00001831,1,1,2013-11-04 13:02:00,2013-11-04 13:02:00,0,0,98.3,0.0,single,0,Low risk
C00001953,1,1,2013-10-01 14:44:00,2013-10-01 14:44:00,0,0,20.566666666666666,0.0,single,0,Low risk
C00002007,1,1,2013-10-02 09:18:00,2013-10-02 09:18:00,0,0,2.2333333333333334,0.0,single,0,Low risk
C00002078,1,1,2013-09-19 13:16:00,2013-09-19 13:16:00,0,0,360.4166666666667,0.0,single,0,Low risk
C00002178,1,1,2013-10-03 11:29:00,2013-10-03 11:29:00,0,0,22.066666666666666,1.0,single,0,Low risk
C00002268,2,1,2013-10-02 12:33:00,2013-10-02 12:54:00,0,0,44.18333333333334,1.0,small (2-4),0,Low risk
C00002301,1,1,2013-10-11 14:03:00,2013-10-11 14:03:00,0,0,0.16666666666666666,0.0,single,0,Low risk
C00002375,1,1,2013-10-28 07:58:00,2013-10-28 07:58:00,0,0,16.4,1.0,single,0,Low risk
C00002378,1,1,2013-11-25 10:45:00,2013-11-25 10:45:00,0,0,167.95,1.0,single,0,Low risk
C00002389,2,2,2013-10-28 10:32:00,2013-11-07 08:28:00,0,0,65.33333333333333,0.0,small (2-4),0,Low risk
C00002426,1,1,2013-09-26 11:07:00,2013-09-26 11:07:00,0,0,291.0,0.0,single,0,Low risk
C00002486,1,1,2013-07-09 12:04:00,2013-07-09 12:04:00,0,0,2180.6,1.0,single,0,Low risk
C00002657,1,1,2013-10-06 21:48:00,2013-10-06 21:48:00,0,0,61.3,0.0,single,0,Low risk
C00002804,1,1,2013-10-17 12:45:00,2013-10-17 12:45:00,0,0,94.31666666666666,0.0,single,0,Low risk
C00003013,110,6,2013-11-04 11:03:00,2013-11-08 09:32:00,0,0,2.575,0.9363636363636364,wide (5+),0,"Wide, mild (mass event)"
C00003040,1,1,2013-10-11 12:59:00,2013-10-11 12:59:00,0,0,1.6666666666666667,0.0,single,0,Low risk
C00003123,1,1,2013-10-10 15:10:00,2013-10-10 15:10:00,0,0,97.01666666666667,1.0,single,0,Low risk
C00003404,2,1,2013-10-15 16:14:00,2013-10-16 15:20:00,0,0,1053.3,0.0,small (2-4),0,Low risk
C00003468,1,1,2013-10-15 16:46:00,2013-10-15 16:46:00,0,0,138.16666666666666,0.0,single,0,Low risk
C00003547,1,1,2013-10-21 06:38:00,2013-10-21 06:38:00,0,0,2.1333333333333333,1.0,single,0,Low risk
C00003624,1,1,2013-10-03 09:49:00,2013-10-03 09:49:00,0,0,364.81666666666666,0.0,single,0,Low risk
C00004044,1,1,2014-02-03 06:08:00,2014-02-03 06:08:00,1,0,27.1,1.0,single,1,"Narrow, severe"
C00004090,1,1,2013-10-21 08:12:00,2013-10-21 08:12:00,0,0,48.61666666666667,0.0,single,0,Low risk
C00004294,2,1,2013-11-12 09:46:00,2013-11-18 15:19:00,0,0,35.416666666666664,0.0,small (2-4),0,Low risk
C00004344,3,1,2013-10-15 10:12:00,2013-10-25 17:33:00,0,0,231.35,0.6666666666666666,small (2-4),0,Low risk
C00004384,1,1,2013-10-10 09:09:00,2013-10-10 09:09:00,0,1,791.3666666666667,1.0,single,1,"Narrow, severe"
C00004385,1,1,2013-11-09 23:47:00,2013-11-09 23:47:00,0,0,32.4,0.0,single,0,Low risk
C00004490,2,1,2013-09-24 13:57:00,2013-10-29 16:15:00,0,0,608.075,1.0,small (2-4),0,Low risk
C00004493,1,1,2013-10-29 21:24:00,2013-10-29 21:24:00,0,1,38.06666666666667,1.0,single,1,"Narrow, severe"
C00004549,1,1,2013-11-06 06:50:00,2013-11-06 06:50:00,1,0,0.2833333333333333,0.0,single,1,"Narrow, severe"
C00004614,3,1,2013-07-29 09:58:00,2013-10-14 10:07:00,0,0,3046.1666666666665,0.3333333333333333,small (2-4),0,Low risk
C00004679,1,1,2013-11-21 21:52:00,2013-11-21 21:52:00,1,0,1.2333333333333334,0.0,single,1,"Narrow, severe"
C00004739,2,2,2013-10-30 14:28:00,2013-10-30 15:17:00,0,0,1.0,0.0,small (2-4),0,Low risk
C00004854,1,1,2013-10-30 16:55:00,2013-10-30 16:55:00,0,0,41.9,0.0,single,0,Low risk
C00004950,1,1,2013-10-25 17:42:00,2013-10-25 17:42:00,0,0,160.43333333333334,1.0,single,0,Low risk
C00004994,1,1,2013-10-31 14:18:00,2013-10-31 14:18:00,0,0,91.58333333333333,0.0,single,0,Low risk
C00005050,1,1,2013-11-04 10:12:00,2013-11-04 10:12:00,0,0,172.11666666666667,1.0,single,0,Low risk
C00005110,1,1,2013-11-01 09:59:00,2013-11-01 09:59:00,0,0,73.46666666666667,0.0,single,0,Low risk
C00005261,2,1,2013-12-24 14:14:00,2014-01-30 12:26:00,0,0,177.425,1.0,small (2-4),0,Low risk
C00005369,1,1,2013-10-18 11:10:00,2013-10-18 11:10:00,0,0,575.55,1.0,single,0,Low risk
C00005456,1,1,2013-12-09 11:45:00,2013-12-09 11:45:00,0,0,100.53333333333333,1.0,single,0,Low risk
C00005461,1,1,2013-11-04 15:51:00,2013-11-04 15:51:00,0,0,46.016666666666666,1.0,single,0,Low risk
C00005713,1,1,2013-11-15 14:11:00,2013-11-15 14:11:00,1,0,0.6,1.0,single,1,"Narrow, severe"
C00005815,1,1,2013-11-11 10:08:00,2013-11-11 10:08:00,0,0,2.25,0.0,single,0,Low risk
C00005847,1,1,2013-11-08 13:19:00,2013-11-08 13:19:00,0,0,71.61666666666666,1.0,single,0,Low risk
C00005858,1,1,2014-02-20 11:25:00,2014-02-20 11:25:00,0,0,24.183333333333334,1.0,single,0,Low risk
C00005866,2,1,2013-10-25 16:10:00,2013-11-14 12:23:00,0,0,382.7166666666667,1.0,small (2-4),0,Low risk
C00006302,1,1,2013-11-12 14:31:00,2013-11-12 14:31:00,0,0,66.35,0.0,single,0,Low risk
C00006401,1,1,2013-11-22 07:27:00,2013-11-22 07:27:00,1,0,1.8166666666666667,1.0,single,1,"Narrow, severe"
C00006422,1,1,2013-11-06 13:12:00,2013-11-06 13:12:00,0,0,286.5,0.0,single,0,Low risk
C00006448,2,2,2013-12-06 14:57:00,2013-12-06 15:54:00,0,0,35.475,0.5,small (2-4),0,Low risk
C00006478,3,1,2013-06-26 12:09:00,2013-08-30 08:54:00,0,0,3191.5,1.0,small (2-4),0,Low risk
C00006599,1,1,2013-11-18 14:49:00,2013-11-18 14:49:00,0,1,0.4166666666666667,0.0,single,1,"Narrow, severe"
C00006745,1,1,2013-10-15 14:35:00,2013-10-15 14:35:00,0,0,1314.1666666666667,0.0,single,0,Low risk
C00006823,1,1,2013-11-21 07:06:00,2013-11-21 07:06:00,0,0,172.55,0.0,single,0,Low risk
C00006824,1,1,2013-11-13 15:31:00,2013-11-13 15:31:00,0,0,168.8,1.0,single,0,Low risk
C00006833,3,1,2013-12-10 10:40:00,2013-12-10 11:15:00,0,0,2.2333333333333334,1.0,small (2-4),0,Low risk
C00006883,1,1,2013-11-14 17:20:00,2013-11-14 17:20:00,0,0,140.03333333333333,1.0,single,0,Low risk
C00007015,4,2,2013-11-19 12:21:00,2013-11-22 10:50:00,0,1,239.20833333333331,0.75,small (2-4),1,"Narrow, severe"
C00007055,1,1,2013-11-07 14:52:00,2013-11-07 14:52:00,0,0,1510.0333333333333,1.0,single,0,Low risk
C00007092,1,1,2013-11-15 09:26:00,2013-11-15 09:26:00,0,0,6.633333333333334,0.0,single,0,Low risk
C00007098,15,4,2013-12-02 09:55:00,2013-12-02 15:10:00,0,0,21.15,1.0,wide (5+),0,"Wide, mild (mass event)"
C00007099,1,1,2013-11-21 09:54:00,2013-11-21 09:54:00,0,0,5.866666666666666,1.0,single,0,Low risk
C00007132,1,1,2013-11-22 21:27:00,2013-11-22 21:27:00,0,0,89.2,1.0,single,0,Low risk
C00007202,1,1,2013-10-23 10:45:00,2013-10-23 10:45:00,0,0,1991.9833333333333,0.0,single,0,Low risk
C00007263,1,1,2013-11-29 09:42:00,2013-11-29 09:42:00,0,0,76.28333333333333,0.0,single,0,Low risk
C00007747,1,1,2013-12-06 12:34:00,2013-12-06 12:34:00,0,0,1.6666666666666667,0.0,single,0,Low risk
C00007915,1,1,2013-11-19 12:21:00,2013-11-19 12:21:00,0,0,310.15,0.0,single,0,Low risk
C00007983,1,1,2013-12-05 09:20:00,2013-12-05 09:20:00,1,0,103.06666666666666,1.0,single,1,"Narrow, severe"
C00008054,1,1,2013-11-27 09:35:00,2013-11-27 09:35:00,0,0,1055.3833333333334,1.0,single,0,Low risk
C00008222,3,1,2013-11-20 11:28:00,2013-11-25 16:53:00,0,0,333.71666666666664,1.0,small (2-4),0,Low risk
C00008356,1,1,2013-12-04 14:16:00,2013-12-04 14:16:00,0,0,26.383333333333333,1.0,single,0,Low risk
C00008442,2,1,2013-12-02 13:03:00,2013-12-02 13:05:00,0,0,75.75833333333333,1.0,small (2-4),0,Low risk
C00008467,1,1,2013-12-05 14:12:00,2013-12-05 14:12:00,0,0,19.066666666666666,0.0,single,0,Low risk
C00008486,1,1,2013-12-02 14:28:00,2013-12-02 14:28:00,0,0,95.4,0.0,single,0,Low risk
C00008638,1,1,2013-12-03 13:44:00,2013-12-03 13:44:00,0,0,148.3,0.0,single,0,Low risk
C00008700,1,1,2013-12-09 14:24:00,2013-12-09 14:24:00,0,0,21.783333333333335,1.0,single,0,Low risk
C00008726,2,1,2013-12-09 09:49:00,2013-12-09 14:25:00,2,0,22.96666666666667,1.0,small (2-4),1,"Narrow, severe"
C00008748,1,1,2013-12-10 07:57:00,2013-12-10 07:57:00,0,0,26.916666666666668,0.0,single,0,Low risk
C00008750,5,2,2013-12-09 08:07:00,2013-12-10 08:49:00,0,0,24.15,0.8,wide (5+),0,"Wide, mild (mass event)"
C00008787,1,1,2013-12-12 09:53:00,2013-12-12 09:53:00,0,0,2.7666666666666666,0.0,single,0,Low risk
C00009025,1,1,2013-12-09 09:54:00,2013-12-09 09:54:00,0,0,76.81666666666666,1.0,single,0,Low risk
C00009069,1,1,2013-12-09 13:13:00,2013-12-09 13:13:00,0,0,76.48333333333333,1.0,single,0,Low risk
C00009165,7,1,2013-12-12 10:00:00,2013-12-12 15:31:00,1,0,10.25,0.8571428571428571,wide (5+),1,Wide + severe (watchlist)
C00009397,1,1,2013-12-16 15:29:00,2013-12-16 15:29:00,0,0,0.21666666666666667,0.0,single,0,Low risk
C00009444,1,1,2013-12-16 16:00:00,2013-12-16 16:00:00,0,0,17.783333333333335,1.0,single,0,Low risk
C00009448,1,1,2013-12-18 09:02:00,2013-12-18 09:02:00,1,0,2.0166666666666666,0.0,single,1,"Narrow, severe"
C00009563,1,1,2013-12-13 10:35:00,2013-12-13 10:35:00,0,0,143.15,1.0,single,0,Low risk
C00009567,1,1,2013-12-16 16:17:00,2013-12-16 16:17:00,0,0,66.65,1.0,single,0,Low risk
C00009656,1,1,2013-12-18 15:07:00,2013-12-18 15:07:00,0,0,20.0,0.0,single,0,Low risk
C00009692,1,1,2013-12-16 11:04:00,2013-12-16 11:04:00,0,0,166.63333333333333,1.0,single,0,Low risk
C00009712,1,1,2013-12-18 16:26:00,2013-12-18 16:26:00,0,0,140.81666666666666,1.0,single,0,Low risk
C00009722,7,1,2013-11-19 16:28:00,2013-12-18 10:05:00,0,2,598.8666666666667,0.0,wide (5+),1,Wide + severe (watchlist)
C00009761,1,1,2013-12-18 15:06:00,2013-12-18 15:06:00,0,0,48.65,0.0,single,0,Low risk
C00009821,3,1,2013-12-19 15:12:00,2013-12-30 13:01:00,0,0,426.78333333333336,0.3333333333333333,small (2-4),0,Low risk
C00009966,1,1,2014-01-21 16:36:00,2014-01-21 16:36:00,0,0,65.3,1.0,single,0,Low risk
C00010081,1,1,2014-01-09 15:13:00,2014-01-09 15:13:00,0,1,1436.8833333333334,0.0,single,1,"Narrow, severe"
C00010116,1,1,2013-12-17 12:11:00,2013-12-17 12:11:00,0,0,385.55,0.0,single,0,Low risk
C00010182,1,1,2013-12-31 11:52:00,2013-12-31 11:52:00,0,0,813.65,1.0,single,0,Low risk
C00010259,1,1,2013-12-31 10:17:00,2013-12-31 10:17:00,0,0,2018.35,0.0,single,0,Low risk
C00010314,1,1,2014-01-02 15:12:00,2014-01-02 15:12:00,0,0,695.0666666666667,1.0,single,0,Low risk
C00010344,1,1,2013-12-31 11:36:00,2013-12-31 11:36:00,0,0,145.6,1.0,single,0,Low risk
C00010379,1,1,2013-12-19 15:46:00,2013-12-19 15:46:00,0,0,1100.5666666666666,0.0,single,0,Low risk
C00010740,1,1,2014-01-08 08:57:00,2014-01-08 08:57:00,0,0,143.45,0.0,single,0,Low risk
C00010749,1,1,2014-01-06 14:08:00,2014-01-06 14:08:00,0,1,50.1,0.0,single,1,"Narrow, severe"
C00010785,1,1,2013-12-31 10:39:00,2013-12-31 10:39:00,0,0,51.1,1.0,single,0,Low risk
C00010941,1,1,2014-01-16 13:30:00,2014-01-16 13:30:00,0,0,24.783333333333335,1.0,single,0,Low risk
C00011170,1,1,2014-01-27 15:43:00,2014-01-27 15:43:00,0,0,1.1166666666666667,0.0,single,0,Low risk
C00011182,1,1,2014-01-15 14:12:00,2014-01-15 14:12:00,0,0,2.45,1.0,single,0,Low risk
C00011366,1,1,2014-01-13 13:59:00,2014-01-13 13:59:00,0,0,43.55,1.0,single,0,Low risk
C00011406,1,1,2014-01-15 15:08:00,2014-01-15 15:08:00,0,0,1.85,0.0,single,0,Low risk
C00011501,2,2,2013-11-13 13:28:00,2014-01-14 10:07:00,0,0,1621.1166666666668,0.5,small (2-4),0,Low risk
C00011591,1,1,2014-01-16 08:06:00,2014-01-16 08:06:00,0,0,4.35,1.0,single,0,Low risk
C00011858,1,1,2014-01-29 15:38:00,2014-01-29 15:38:00,0,0,22.916666666666668,1.0,single,0,Low risk
C00012038,1,1,2014-01-17 11:40:00,2014-01-17 11:40:00,0,0,1654.5333333333333,0.0,single,0,Low risk
C00012048,1,1,2014-01-17 16:13:00,2014-01-17 16:13:00,0,1,140.91666666666666,0.0,single,1,"Narrow, severe"
C00012062,1,1,2014-01-23 10:42:00,2014-01-23 10:42:00,0,0,6.516666666666667,0.0,single,0,Low risk
C00012116,1,1,2014-01-24 08:36:00,2014-01-24 08:36:00,0,0,1.1333333333333333,0.0,single,0,Low risk
C00012194,1,1,2014-01-22 10:54:00,2014-01-22 10:54:00,0,0,55.483333333333334,0.0,single,0,Low risk
C00012545,2,1,2013-12-18 10:49:00,2014-01-13 14:25:00,0,0,839.45,1.0,small (2-4),0,Low risk
C00012547,2,1,2014-02-20 13:22:00,2014-02-21 09:29:00,0,0,39.9,0.0,small (2-4),0,Low risk
C00012714,10,1,2014-01-30 15:20:00,2014-01-30 15:53:00,0,0,1.725,0.8,wide (5+),0,"Wide, mild (mass event)"
C00012730,2,1,2014-01-23 13:35:00,2014-01-23 13:36:00,0,0,118.33333333333333,0.0,small (2-4),0,Low risk
C00012923,1,1,2014-03-12 09:20:00,2014-03-12 09:20:00,1,0,5.816666666666666,1.0,single,1,"Narrow, severe"
C00013064,1,1,2014-01-30 11:54:00,2014-01-30 11:54:00,0,0,140.71666666666667,0.0,single,0,Low risk
C00013072,2,1,2014-01-15 15:31:00,2014-01-31 08:19:00,0,0,371.875,0.5,small (2-4),0,Low risk
C00013104,1,1,2014-01-30 14:27:00,2014-01-30 14:27:00,0,0,21.233333333333334,1.0,single,0,Low risk
C00013125,1,1,2014-02-05 08:33:00,2014-02-05 08:33:00,0,0,5.716666666666667,1.0,single,0,Low risk
C00013273,1,1,2014-01-23 10:33:00,2014-01-23 10:33:00,0,0,196.36666666666667,1.0,single,0,Low risk
C00013379,1,1,2014-02-03 09:48:00,2014-02-03 09:48:00,0,0,51.4,1.0,single,0,Low risk
C00013454,2,1,2013-12-11 11:57:00,2013-12-30 16:13:00,0,0,1582.2416666666668,1.0,small (2-4),0,Low risk
C00013595,1,1,2014-02-03 16:02:00,2014-02-03 16:02:00,0,0,43.68333333333333,0.0,single,0,Low risk
C00013606,1,1,2014-02-05 08:19:00,2014-02-05 08:19:00,0,0,55.8,0.0,single,0,Low risk
C00013740,1,1,2014-02-04 15:43:00,2014-02-04 15:43:00,0,0,138.01666666666668,1.0,single,0,Low risk
C00013867,1,1,2014-02-03 14:51:00,2014-02-03 14:51:00,0,0,90.8,0.0,single,0,Low risk
C00013982,1,1,2014-02-06 09:40:00,2014-02-06 09:40:00,1,1,146.35,0.0,single,1,"Narrow, severe"
C00014035,1,1,2014-01-29 12:04:00,2014-01-29 12:04:00,0,1,345.85,1.0,single,1,"Narrow, severe"
C00014075,1,1,2014-01-15 10:43:00,2014-01-15 10:43:00,0,0,1345.0833333333333,1.0,single,0,Low risk
C00014122,1,1,2014-02-10 13:35:00,2014-02-10 13:35:00,0,0,19.783333333333335,0.0,single,0,Low risk
C00014221,5,2,2014-02-12 07:58:00,2014-02-12 08:02:00,1,0,1.3,1.0,wide (5+),1,Wide + severe (watchlist)
C00014296,1,1,2014-02-19 12:02:00,2014-02-19 12:02:00,0,0,0.85,1.0,single,0,Low risk
C00014301,1,1,2014-02-10 16:03:00,2014-02-10 16:03:00,0,0,234.85,1.0,single,0,Low risk
C00014360,1,1,2014-02-12 13:42:00,2014-02-12 13:42:00,0,0,0.3,1.0,single,0,Low risk
C00014375,1,1,2014-02-12 13:47:00,2014-02-12 13:47:00,0,0,524.6333333333333,1.0,single,0,Low risk
C00014458,2,2,2013-10-08 13:44:00,2014-03-13 09:57:00,1,0,2041.65,0.5,small (2-4),1,"Narrow, severe"
C00014475,1,1,2014-02-13 10:46:00,2014-02-13 10:46:00,0,0,2.216666666666667,0.0,single,0,Low risk
C00014624,1,1,2014-02-10 12:03:00,2014-02-10 12:03:00,0,0,96.16666666666667,1.0,single,0,Low risk
C00014661,1,1,2014-02-14 11:32:00,2014-02-14 11:32:00,0,0,5.333333333333333,0.0,single,0,Low risk
C00014707,1,1,2014-02-12 09:08:00,2014-02-12 09:08:00,0,0,48.833333333333336,1.0,single,0,Low risk
C00014762,63,3,2014-02-17 08:42:00,2014-02-27 12:11:00,0,0,1.2166666666666666,0.9841269841269841,wide (5+),0,"Wide, mild (mass event)"
C00014876,1,1,2014-02-14 12:52:00,2014-02-14 12:52:00,0,1,93.75,0.0,single,1,"Narrow, severe"
C00015025,1,1,2014-03-10 08:38:00,2014-03-10 08:38:00,0,0,3.7333333333333334,1.0,single,0,Low risk
C00015040,1,1,2014-02-14 09:15:00,2014-02-14 09:15:00,0,0,910.7833333333333,0.0,single,0,Low risk
C00015047,1,1,2014-02-10 06:44:00,2014-02-10 06:44:00,0,0,532.1666666666666,1.0,single,0,Low risk
C00015091,1,1,2014-02-19 12:37:00,2014-02-19 12:37:00,0,0,21.366666666666667,0.0,single,0,Low risk
C00015140,1,1,2014-01-13 12:26:00,2014-01-13 12:26:00,0,1,1388.6,1.0,single,1,"Narrow, severe"
C00015544,1,1,2014-03-06 08:25:00,2014-03-06 08:25:00,1,0,0.7,0.0,single,1,"Narrow, severe"
C00015609,1,1,2014-02-25 16:52:00,2014-02-25 16:52:00,0,0,15.35,1.0,single,0,Low risk
C00015613,3,1,2014-02-18 16:40:00,2014-02-25 15:41:00,0,0,27.433333333333334,1.0,small (2-4),0,Low risk
C00015705,1,1,2013-12-20 18:24:00,2013-12-20 18:24:00,0,0,2042.75,1.0,single,0,Low risk
C00015759,1,1,2014-02-27 09:46:00,2014-02-27 09:46:00,1,0,0.4,1.0,single,1,"Narrow, severe"
C00015776,1,1,2014-02-24 10:37:00,2014-02-24 10:37:00,0,0,99.03333333333333,0.0,single,0,Low risk
C00015923,1,1,2014-02-21 15:13:00,2014-02-21 15:13:00,0,0,162.95,0.0,single,0,Low risk
C00016153,1,1,2014-03-03 17:31:00,2014-03-03 17:31:00,0,0,16.683333333333334,0.0,single,0,Low risk
C00016192,2,1,2014-02-27 10:24:00,2014-02-27 15:53:00,0,0,154.08333333333334,1.0,small (2-4),0,Low risk
C00016233,1,1,2014-03-04 12:38:00,2014-03-04 12:38:00,0,0,3.1,1.0,single,0,Low risk
C00016295,1,1,2014-02-03 17:14:00,2014-02-03 17:14:00,0,0,758.5666666666667,1.0,single,0,Low risk
C00016571,1,1,2014-03-11 10:31:00,2014-03-11 10:31:00,0,0,4.633333333333334,1.0,single,0,Low risk
C00016689,1,1,2014-03-13 08:21:00,2014-03-13 08:21:00,1,0,1.9666666666666666,1.0,single,1,"Narrow, severe"
C00016781,2,1,2014-03-10 16:19:00,2014-03-10 16:21:00,0,0,124.775,1.0,small (2-4),0,Low risk
C00017136,1,1,2014-03-13 15:06:00,2014-03-13 15:06:00,0,0,0.7666666666666667,1.0,single,0,Low risk
C00017161,1,1,2014-03-13 15:02:00,2014-03-13 15:02:00,0,0,88.75,1.0,single,0,Low risk
C00017230,1,1,2014-02-27 15:18:00,2014-02-27 15:18:00,0,0,353.56666666666666,0.0,single,0,Low risk
C00017302,5,1,2014-03-21 08:21:00,2014-03-21 08:34:00,2,0,0.9833333333333333,1.0,wide (5+),1,Wide + severe (watchlist)
C00017321,1,1,2014-03-27 09:57:00,2014-03-27 09:57:00,0,0,3.0166666666666666,0.0,single,0,Low risk
C00017553,1,1,2014-03-18 12:47:00,2014-03-18 12:47:00,0,0,50.18333333333333,0.0,single,0,Low risk
C00017594,1,1,2014-03-27 16:04:00,2014-03-27 16:04:00,0,0,23.916666666666668,0.0,single,0,Low risk
C00018267,1,1,2014-03-23 20:02:00,2014-03-23 20:02:00,0,0,38.5,1.0,single,0,Low risk
C00018294,1,1,2014-03-21 14:56:00,2014-03-21 14:56:00,0,0,119.88333333333334,1.0,single,0,Low risk
C00018403,1,1,2014-03-25 11:56:00,2014-03-25 11:56:00,1,0,20.233333333333334,1.0,single,1,"Narrow, severe"
C00018421,1,1,2014-03-25 09:15:00,2014-03-25 09:15:00,0,0,53.483333333333334,1.0,single,0,Low risk
C00018435,1,1,2014-02-26 11:32:00,2014-02-26 11:32:00,0,0,796.45,0.0,single,0,Low risk
C00018549,1,1,2014-03-25 14:45:00,2014-03-25 14:45:00,0,0,142.0,1.0,single,0,Low risk
